sidmassmeltlat_tavg-u-hxy-si_mon_glb_g126_UKESM1-3-LL_esm-hist_r4i1p1f1_190001-190912.nc,seaIce.sidmassmeltlat_tavg-u-hxy-si.mon.glb,-4.529608495160497e-07,0.0,-4.5910132030257955e-05,-3.1513099125709253e-10,-0.0,-1.4518971056531882e-06,-5.012457279645239e-06,-0.0,-0.00032187349279411137
sicompstren_tavg-u-hxy-si_mon_glb_g126_UKESM1-3-LL_esm-hist_r4i1p1f1_190001-190912.nc,seaIce.sicompstren_tavg-u-hxy-si.mon.glb,13993.877228486075,2268450.25,2.257476268141545e-07,38236.17924255565,2988034.75,2.257476268141545e-07,676.3018213356462,1837067.5,9.602428718835654e-08
sfdsi_tavg-u-hxy-si_mon_glb_g126_UKESM1-3-LL_esm-hist_r4i1p1f1_190001-190912.nc,seaIce.sfdsi_tavg-u-hxy-si.mon.glb,3.4095954288221843e-06,0.00014571835345122963,-2.1303696485119872e-05,1.5185188105586162e-05,0.00019076879834756255,-1.5565645298920572e-05,-2.0457018827826885e-06,0.00014571835345122963,-0.00014273762644734234
sisaltmass_tavg-u-hxy-si_mon_glb_g126_UKESM1-3-LL_esm-hist_r4i1p1f1_190001-190912.nc,seaIce.sisaltmass_tavg-u-hxy-si.mon.glb,3.2284170144055966,251.30308532714844,0.0,5.955747664268291,267.2939758300781,0.0,0.9938256164375681,241.0543212890625,0.0
siflfwdrain_tavg-u-hxy-si_mon_glb_g126_UKESM1-3-LL_esm-hist_r4i1p1f1_190001-190912.nc,seaIce.siflfwdrain_tavg-u-hxy-si.mon.glb,3.392608038490267e-06,7.828637899365276e-05,0.0,3.568269829600608e-05,0.0005871625617146492,0.0,0.0,0.0,0.0
siflfwbot_tavg-u-hxy-si_mon_glb_g126_UKESM1-3-LL_esm-hist_r4i1p1f1_190001-190912.nc,seaIce.siflfwbot_tavg-u-hxy-si.mon.glb,-7.449827343374072e-07,0.0006232240702956915,-0.002662321785464883,8.065501955538951e-05,0.0022625632118433714,-0.0019453538116067648,-5.12177446409629e-05,2.495756962161977e-05,-0.0035762148909270763
sifllattop_tavg-u-hxy-si_mon_glb_g126_UKESM1-3-LL_esm-hist_r4i1p1f1_190001-190912.nc,seaIce.sifllattop_tavg-u-hxy-si.mon.glb,3.946090134809708,26.44869041442871,-8.223660469055176,18.349875165265843,50.11940383911133,-8.223660469055176,-2.290840030042969,15.9385986328125,-37.57421112060547
simpeffconc_tavg-u-hxy-si_mon_glb_g126_UKESM1-3-LL_esm-hist_r4i1p1f1_190001-190912.nc,seaIce.simpeffconc_tavg-u-hxy-si.mon.glb,1.4529514339762961,7.663702964782715,0.0,20.41574393238266,61.53720474243164,0.0,2.3245520165739097e-05,0.2082757204771042,0.0
snm_tavg-u-hxy-si_mon_glb_g126_UKESM1-3-LL_esm-hist_r4i1p1f1_190001-190912.nc,seaIce.snm_tavg-u-hxy-si.mon.glb,-1.2609944493458636e-06,0.0,-1.6838943338370882e-05,0.0,-0.0,-0.0,-1.3163276549933404e-05,-0.0,-0.00011844061373267323
prsn_tavg-u-hxy-si_mon_glb_g126_UKESM1-3-LL_esm-hist_r4i1p1f1_190001-190912.nc,seaIce.prsn_tavg-u-hxy-si.mon.glb,2.6280769457553065e-06,3.891567394020967e-05,0.0,9.016990442160271e-06,0.00018811578047461808,0.0,1.406500974773982e-07,8.195467671612278e-06,0.0
sidmassgrowthsi_tavg-u-hxy-si_mon_glb_g126_UKESM1-3-LL_esm-hist_r4i1p1f1_190001-190912.nc,seaIce.sidmassgrowthsi_tavg-u-hxy-si.mon.glb,8.130277623067034e-07,3.905186167685315e-05,0.0,5.3981290408507645e-06,0.00016787508502602577,0.0,3.3640513544119213e-13,6.265922447568073e-09,0.0
sisndmasssi_tavg-u-hxy-si_mon_glb_g126_UKESM1-3-LL_esm-hist_r4i1p1f1_190001-190912.nc,seaIce.sisndmasssi_tavg-u-hxy-si.mon.glb,-8.130277623067034e-07,0.0,-3.905186167685315e-05,-3.3640513544119213e-13,-0.0,-6.265922447568073e-09,-5.3981290408507645e-06,-0.0,-0.00016787508502602577
simprefrozen_tavg-u-hxy-simp_mon_glb_g126_UKESM1-3-LL_esm-hist_r4i1p1f1_190001-190912.nc,seaIce.simprefrozen_tavg-u-hxy-simp.mon.glb,0.03825201729435386,0.54985111951828,0.0,0.17426556986188854,1.8963228464126587,0.0,0.000280370733168735,0.021317623555660248,0.0
simpthick_tavg-u-hxy-simp_mon_glb_g126_UKESM1-3-LL_esm-hist_r4i1p1f1_190001-190912.nc,seaIce.simpthick_tavg-u-hxy-simp.mon.glb,0.10651097913878073,2.0323965549468994,0.0,0.3164149247459844,8.406408309936523,0.0,0.003554799127938481,0.22725187242031097,0.0
fgdms_tavg-u-hxy-sea_mon_glb_g110_UKESM1-3-LL_esm-hist_r4i1p1f1_190001-190912.nc,ocnBgchem.fgdms_tavg-u-hxy-sea.mon.glb,3.531707317795731e-11,2.8236835092343426e-10,5.531408868520687e-18,9.015201095692702e-11,7.622227848891328e-10,7.949379063690987e-17,1.0085913979933286e-11,7.054166278885887e-11,9.70412590171553e-21
evspsbl_tavg-u-hxy-ifs_mon_glb_g126_UKESM1-3-LL_esm-hist_r4i1p1f1_190001-190912.nc,ocean.evspsbl_tavg-u-hxy-ifs.mon.glb,3.3293391752482255e-05,0.00011308024113532156,-1.642367124077282e-06,5.762010445619733e-05,0.0002097464894177392,1.163184109032045e-07,1.7018400327770484e-05,6.873413076391444e-05,-1.6841442629811354e-05
expc_tavg-d1000m-hxy-sea_mon_glb_g126_UKESM1-3-LL_esm-hist_r4i1p1f1_190001-190912.nc,ocnBgchem.expc_tavg-d1000m-hxy-sea.mon.glb,7.648207264925477e-08,7.168859497141966e-07,3.172233413976125e-16,2.1685042392066606e-07,9.818920716497814e-07,1.4428831444397846e-15,1.76958945415895e-08,4.083945270849654e-07,0.0
sossq_tavg-u-hxy-sea_mon_glb_g126_UKESM1-3-LL_esm-hist_r4i1p1f1_190001-190912.nc,ocean.sossq_tavg-u-hxy-sea.mon.glb,1158.8518478744459,1953.0003662109375,24.064292907714844,1195.2272218216406,2046.71826171875,24.771345138549805,1096.7783624564688,1872.8232421875,22.783157348632812
zossq_tavg-u-hxy-sea_mon_glb_g126_UKESM1-3-LL_esm-hist_r4i1p1f1_190001-190912.nc,ocean.zossq_tavg-u-hxy-sea.mon.glb,0.76837066981858,6.0178070068359375,0.0005167613853700459,0.894980614993045,6.241591930389404,0.0020031812600791454,0.6609834191600816,5.853801727294922,1.8387119780527428e-05
fsfe_tavg-u-hxy-sea_mon_glb_g126_UKESM1-3-LL_esm-hist_r4i1p1f1_190001-190912.nc,ocnBgchem.fsfe_tavg-u-hxy-sea.mon.glb,5.951414184964284e-13,1.3335066557929043e-11,0.0,1.629266565233475e-12,6.347107561754939e-11,0.0,3.950359166651352e-13,5.2095441675781284e-12,0.0
mlotstsq_tavg-u-hxy-sea_mon_glb_g126_UKESM1-3-LL_esm-hist_r4i1p1f1_190001-190912.nc,ocean.mlotstsq_tavg-u-hxy-sea.mon.glb,11273.235291410338,1612139.25,76.5290298461914,65004.13126121842,12307922.0,79.10872650146484,354.4858321955111,7251.96337890625,75.42497253417969
flandice_tavg-u-hxy-sea_mon_glb_g126_UKESM1-3-LL_esm-hist_r4i1p1f1_190001-190912.nc,ocean.flandice_tavg-u-hxy-sea.mon.glb,6.131917796549424e-07,0.0008872709004208446,-3.956753425882198e-05,9.453383054507199e-07,0.000987033941783011,-3.4408098144922405e-05,3.7753117113962394e-07,0.0008357848273590207,-5.980245987302624e-05
siflfwbot_tavg-u-hxy-sea_mon_glb_g126_UKESM1-3-LL_esm-hist_r4i1p1f1_190001-190912.nc,ocean.siflfwbot_tavg-u-hxy-sea.mon.glb,-3.742027615197989e-07,0.0006282684626057744,-0.0026620018761605024,8.158975440287614e-05,0.002276727231219411,-0.0019451859407126904,-5.090000194782891e-05,2.5279028704972006e-05,-0.003576067741960287
hfy_tavg-u-hxy-sea_mon_glb_g124_UKESM1-3-LL_esm-hist_r4i1p1f1_190001-190912.nc,ocean.hfy_tavg-u-hxy-sea.mon.glb,237626738466.73853,2767896774180864.0,-2014998402433024.0,50666618527855.27,3823638390243328.0,-1804928733413376.0,-51165125986095.59,1510440005795840.0,-2692127645499392.0
hfx_tavg-u-hxy-sea_mon_glb_g125_UKESM1-3-LL_esm-hist_r4i1p1f1_190001-190912.nc,ocean.hfx_tavg-u-hxy-sea.mon.glb,4446107973427.235,1840622595997696.0,-1888750523121664.0,70522884593727.2,2048918846177280.0,-1717744923836416.0,-61054400554111.99,1633788245311488.0,-2195701232566272.0
thkcellvo_tavg-ol-hxy-sea_mon_glb_g124_UKESM1-3-LL_esm-hist_r4i1p1f1_190001-190912.nc,ocean.thkcellvo_tavg-ol-hxy-sea.mon.glb,1.02722736354041,1.2756959199905396,0.9324864149093628,1.027608564535585,1.2869603633880615,0.9330576062202454,1.0268857433655005,1.2646453380584717,0.9319363832473755
obvfsq_tavg-ol-hxy-sea_mon_glb_g126_UKESM1-3-LL_esm-hist_r4i1p1f1_190001-190912.nc,ocean.obvfsq_tavg-ol-hxy-sea.mon.glb,0.0,0.0,0.0,0.0,0.0,0.0,0.0,0.0,0.0
chlmisc_tavg-ol-hxy-sea_mon_glb_g126_UKESM1-3-LL_esm-hist_r4i1p1f1_190001-190912.nc,ocnBgchem.chlmisc_tavg-ol-hxy-sea.mon.glb,2.0746713070388608e-07,1.1929577112823608e-06,-1.4552593796679503e-08,5.937364511509035e-07,1.264697129954584e-05,4.595911207161407e-09,7.190556671430569e-08,9.081604730454274e-07,-1.4337459219859738e-07
chldiat_tavg-ol-hxy-sea_mon_glb_g126_UKESM1-3-LL_esm-hist_r4i1p1f1_190001-190912.nc,ocnBgchem.chldiat_tavg-ol-hxy-sea.mon.glb,9.400423560105501e-08,2.969487013615435e-06,-2.9371247656229116e-09,5.856782955549316e-07,1.1815620382549241e-05,7.202705072167465e-21,1.5897534399254943e-08,4.0742028772911e-07,-2.5277174131588254e-07
thkcelluo_tavg-ol-hxy-sea_mon_glb_g125_UKESM1-3-LL_esm-hist_r4i1p1f1_190001-190912.nc,ocean.thkcelluo_tavg-ol-hxy-sea.mon.glb,1.027125020663641,1.27167546749115,0.9341598749160767,1.027495439910132,1.2819299697875977,0.9346465468406677,1.0267927587087855,1.261456847190857,0.9335812926292419
epn_tavg-d100m-hxy-sea_mon_glb_g126_UKESM1-3-LL_esm-hist_r4i1p1f1_190001-190912.nc,ocnBgchem.epn_tavg-d100m-hxy-sea.mon.glb,9.926943096153384e-09,9.582426940824007e-08,0.0,2.6613045351955186e-08,1.385679553322916e-07,0.0,2.4669254741329837e-09,7.048787864505357e-08,0.0
epp_tavg-d100m-hxy-sea_mon_glb_g126_UKESM1-3-LL_esm-hist_r4i1p1f1_190001-190912.nc,ocnBgchem.epp_tavg-d100m-hxy-sea.mon.glb,6.204339435095865e-10,5.989016838015004e-09,0.0,1.663315334497199e-09,8.660497208268225e-09,0.0,1.5418284213331148e-10,4.405492415315848e-09,0.0
siconca_tavg-u-hxy-u_day_glb_g110_UKESM1-3-LL_esm-hist_r1i1p1f1_19000101-19091230.nc,seaIce.siconca_tavg-u-hxy-u.day.glb,21.097556202843503,99.70314025878906,0.0,29.721449468767645,100.0,0.0,6.6736934924036335,98.240478515625,0.0
loadss_tavg-u-hxy-u_day_glb_g110_UKESM1-3-LL_esm-hist_r1i1p1f1_19000101-19091230.nc,atmos.loadss_tavg-u-hxy-u.day.glb,1.4035890301413559e-05,5.2779454563278705e-05,2.9116968391917908e-08,9.601583587937057e-05,0.0003659164940472692,3.091086284712219e-07,6.547845714521827e-07,3.642288902483415e-06,2.432495038728888e-10
loadbc_tavg-u-hxy-u_day_glb_g110_UKESM1-3-LL_esm-hist_r1i1p1f1_19000101-19091230.nc,atmos.loadbc_tavg-u-hxy-u.day.glb,1.3994544874380894e-07,3.5070834201178513e-06,3.9799767925785545e-09,1.3754082601735718e-06,5.37448468094226e-05,3.4891719735696825e-08,1.0279586959427434e-08,3.8443630501205917e-07,4.180333579295592e-10
loadoa_tavg-u-hxy-u_day_glb_g110_UKESM1-3-LL_esm-hist_r1i1p1f1_19000101-19091230.nc,atmos.loadoa_tavg-u-hxy-u.day.glb,2.2414476714200446e-06,4.076394907315262e-05,1.9133511841573636e-07,1.9226981748943217e-05,0.0005475645884871483,7.055120363474998e-07,2.576323083758325e-07,4.3288459892210085e-06,3.803124215551179e-08
flashrate_tavg-u-hxy-u_day_glb_g110_UKESM1-3-LL_esm-hist_r1i1p1f1_19000101-19091230.nc,atmosChem.flashrate_tavg-u-hxy-u.day.glb,5.575904011763029e-08,2.535291741878609e-06,0.0,1.1064219052059343e-06,3.8443318771896884e-05,0.0,0.0,0.0,0.0
ts_tavg-u-hxy-si_day_glb_g110_UKESM1-3-LL_esm-hist_r1i1p1f1_19000101-19091230.nc,seaIce.ts_tavg-u-hxy-si.day.glb,258.52021676531757,272.91387939453125,241.91864013671875,273.1422772356423,274.01544189453125,267.5516662597656,230.28183490641499,272.36083984375,211.1066436767578
snc_tavg-u-hxy-lnd_day_glb_g110_UKESM1-3-LL_esm-hist_r1i1p1f1_19000101-19091230.nc,landIce.snc_tavg-u-hxy-lnd.day.glb,41.90986725042143,100.00000762939453,0.0,65.86325856902042,100.00135040283203,0.0,28.811300103015547,100.00001525878906,0.0
hfdsn_tavg-u-hxy-lnd_day_glb_g110_UKESM1-3-LL_esm-hist_r1i1p1f1_19000101-19091230.nc,landIce.hfdsn_tavg-u-hxy-lnd.day.glb,0.8848355885055722,28.91306495666504,0.0,47.43804141693201,506.8221435546875,0.0,0.0,0.0,0.0
snw_tavg-u-hxy-lnd_day_glb_g110_UKESM1-3-LL_esm-hist_r1i1p1f1_19000101-19091230.nc,landIce.snw_tavg-u-hxy-lnd.day.glb,33349.198981035945,1508220.75,0.0,33423.40371733182,1509523.875,0.0,33306.961034059816,1506843.0,0.0
snd_tavg-u-hxy-lnd_day_glb_g110_UKESM1-3-LL_esm-hist_r1i1p1f1_19000101-19091230.nc,landIce.snd_tavg-u-hxy-lnd.day.glb,37.57203509765072,1645.730224609375,0.0,37.86453910746297,1647.3521728515625,0.0,37.41762784224927,1644.20068359375,0.0
snm_tavg-u-hxy-lnd_day_glb_g110_UKESM1-3-LL_esm-hist_r1i1p1f1_19000101-19091230.nc,landIce.snm_tavg-u-hxy-lnd.day.glb,2.596328578554062e-06,8.656604768475518e-05,0.0,0.00013834727868818766,0.0015174314612522721,0.0,-6.260334409146574e-26,0.0,-2.976051349891506e-22
siforcecorioly_tavg-u-hxy-si_mon_glb_g216_UKESM1-3-LL_esm-hist_r1i1p1f1_190001-190912.nc,seaIce.siforcecorioly_tavg-u-hxy-si.mon.glb,-0.0003177752433740167,0.029119638726115227,-0.036378003656864166,0.01708730098174219,0.1382068693637848,-0.007189556956291199,-0.01437673907912709,0.0012745058629661798,-0.10342413187026978
siforcetiltx_tavg-u-hxy-si_mon_glb_g216_UKESM1-3-LL_esm-hist_r1i1p1f1_190001-190912.nc,seaIce.siforcetiltx_tavg-u-hxy-si.mon.glb,7.396831697710002e-05,0.03836873546242714,-0.03191421180963516,0.003270794412995874,0.10685092955827713,-0.011247052811086178,-0.0029850611827239894,0.015603272244334221,-0.10245685279369354
siforcetilty_tavg-u-hxy-si_mon_glb_g216_UKESM1-3-LL_esm-hist_r1i1p1f1_190001-190912.nc,seaIce.siforcetilty_tavg-u-hxy-si.mon.glb,0.00011039779157075054,0.07476456463336945,-0.04581373929977417,0.003945799490976736,0.11017061769962311,-0.02587960660457611,-0.004034194833680754,0.03700168803334236,-0.09115587174892426
siforceintstry_tavg-u-hxy-si_mon_glb_g216_UKESM1-3-LL_esm-hist_r1i1p1f1_190001-190912.nc,seaIce.siforceintstry_tavg-u-hxy-si.mon.glb,0.000991913918477606,0.05240501090884209,-0.1134679913520813,0.023851388568839123,0.19402754306793213,-0.009559967555105686,-0.016700445672009654,0.013408433645963669,-0.40457281470298767
siforcecoriolx_tavg-u-hxy-si_mon_glb_g216_UKESM1-3-LL_esm-hist_r1i1p1f1_190001-190912.nc,seaIce.siforcecoriolx_tavg-u-hxy-si.mon.glb,-0.001929164131454063,0.01734391413629055,-0.055717263370752335,0.009867490475923455,0.09220916777849197,-0.004156257025897503,-0.014831755108273222,0.0005405927076935768,-0.17608727514743805
siforceintstrx_tavg-u-hxy-si_mon_glb_g216_UKESM1-3-LL_esm-hist_r1i1p1f1_190001-190912.nc,seaIce.siforceintstrx_tavg-u-hxy-si.mon.glb,0.0018768964401569865,0.10290195792913437,-0.07192415744066238,0.021515523184652937,0.3842725455760956,-0.0025988323614001274,-0.01626882601685622,0.018998758867383003,-0.3102981746196747
gpp_tavg-u-hxy-shb_mon_glb_g110_UKESM1-3-LL_esm-hist_r1i1p1f1_190001-190912.nc,land.gpp_tavg-u-hxy-shb.mon.glb,2.375971480954592e-08,9.299852621325044e-08,-1.346322479608361e-32,6.397215614543457e-08,1.2387948800096638e-07,0.0,2.402492710106727e-09,8.537310236533813e-08,-1.274762553131014e-26
ra_tavg-u-hxy-shb_mon_glb_g110_UKESM1-3-LL_esm-hist_r1i1p1f1_190001-190912.nc,land.ra_tavg-u-hxy-shb.mon.glb,1.1995794503998935e-08,5.2361130542522005e-08,0.0,3.141728210373009e-08,6.76995810522385e-08,0.0,1.7794917037463913e-09,4.8430724319814544e-08,0.0
vegHeight_tavg-u-hxy-shb_mon_glb_g110_UKESM1-3-LL_esm-hist_r1i1p1f1_190001-190912.nc,land.vegHeight_tavg-u-hxy-shb.mon.glb,1.680610306766055,2.433251142501831,1.0,1.7584030107490072,2.436216354370117,1.0,1.6018390344721347,2.4313814640045166,1.0
npp_tavg-u-hxy-shb_mon_glb_g110_UKESM1-3-LL_esm-hist_r1i1p1f1_190001-190912.nc,land.npp_tavg-u-hxy-shb.mon.glb,1.1763920305546985e-08,5.453416207501505e-08,-6.508653060954828e-10,3.5385248453643135e-08,7.944829860662139e-08,0.0,-5.160953402128997e-10,4.50196608881015e-08,-1.418394202090667e-08
cVeg_tavg-u-hxy-shb_mon_glb_g110_UKESM1-3-LL_esm-hist_r1i1p1f1_190001-190912.nc,land.cVeg_tavg-u-hxy-shb.mon.glb,0.7559914242220662,1.5286859273910522,0.21895985305309296,0.8363442784643297,1.5405948162078857,0.2189600020647049,0.674887928655176,1.5181249380111694,0.2189600020647049
gpp_tavg-u-hxy-tree_mon_glb_g110_UKESM1-3-LL_esm-hist_r1i1p1f1_190001-190912.nc,land.gpp_tavg-u-hxy-tree.mon.glb,2.721013072735293e-08,1.0853664633714288e-07,-2.3598045419337575e-33,6.811298203224696e-08,1.6628250421035773e-07,0.0,4.954990400123832e-09,9.700214320673695e-08,-1.8806856899848998e-26
ra_tavg-u-hxy-tree_mon_glb_g110_UKESM1-3-LL_esm-hist_r1i1p1f1_190001-190912.nc,land.ra_tavg-u-hxy-tree.mon.glb,1.4163570580069258e-08,7.262806178687242e-08,0.0,3.3223323630354964e-08,8.390335892727308e-08,0.0,3.1787538480294932e-09,6.653483097807111e-08,0.0
npp_tavg-u-hxy-tree_mon_glb_g110_UKESM1-3-LL_esm-hist_r1i1p1f1_190001-190912.nc,land.npp_tavg-u-hxy-tree.mon.glb,1.3046560147283673e-08,5.266381464252845e-08,-1.4166283701655402e-09,3.6920099906234665e-08,9.574127091127593e-08,-3.78855714161519e-12,6.417462114837313e-10,4.178820134370653e-08,-2.7694733617522616e-08
cVeg_tavg-u-hxy-tree_mon_glb_g110_UKESM1-3-LL_esm-hist_r1i1p1f1_190001-190912.nc,land.cVeg_tavg-u-hxy-tree.mon.glb,6.901185728467753,21.83830451965332,0.875543475151062,7.077227466452143,21.861549377441406,0.875544011592865,6.751025905449815,21.81378936767578,0.875544011592865
laiLut_tavg-u-hxy-multi_mon_glb_g110_UKESM1-3-LL_esm-hist_r1i1p1f1_190001-190912.nc,land.laiLut_tavg-u-hxy-multi.mon.glb,2.4080311601396684,6.654275417327881,0.23479241132736206,2.880389747792003,6.6804890632629395,0.3041650354862213,1.9336469708510202,6.632585525512695,0.03059747815132141
tsLut_tavg-u-hxy-multi_mon_glb_g110_UKESM1-3-LL_esm-hist_r1i1p1f1_190001-190912.nc,land.tsLut_tavg-u-hxy-multi.mon.glb,281.96244693961387,306.4041748046875,243.29977416992188,297.04152403122004,317.3443298339844,272.1752014160156,264.2163152129262,302.3668212890625,216.77801513671875
hflsLut_tavg-u-hxy-multi_mon_glb_g110_UKESM1-3-LL_esm-hist_r1i1p1f1_190001-190912.nc,land.hflsLut_tavg-u-hxy-multi.mon.glb,43.56118204847323,160.1705780029297,0.23371939361095428,103.94740175270437,224.3461456298828,4.577203750610352,10.49215861632206,120.16230010986328,-7.205711841583252
hfssLut_tavg-u-hxy-multi_mon_glb_g110_UKESM1-3-LL_esm-hist_r1i1p1f1_190001-190912.nc,land.hfssLut_tavg-u-hxy-multi.mon.glb,40.84875222511297,155.21141052246094,-15.916478157043457,96.22969156511023,247.8484649658203,3.2542314529418945,1.9580334868803917,113.95677947998047,-114.48423767089844
raLut_tavg-u-hxy-multi_mon_glb_g110_UKESM1-3-LL_esm-hist_r1i1p1f1_190001-190912.nc,land.raLut_tavg-u-hxy-multi.mon.glb,1.4535857908242547e-08,7.189223083514662e-08,0.0,3.977842842179358e-08,1.3984995916871412e-07,0.0,3.0548187248767398e-09,6.586496681393328e-08,0.0
gppLut_tavg-u-hxy-multi_mon_glb_g110_UKESM1-3-LL_esm-hist_r1i1p1f1_190001-190912.nc,land.gppLut_tavg-u-hxy-multi.mon.glb,2.8990133033355555e-08,1.2190039910819905e-07,-4.3485389454335204e-33,7.530260452620382e-08,1.7657740158938395e-07,0.0,5.1464244017335926e-09,1.0804249228613116e-07,-1.2641347324375007e-26
nppLut_tavg-u-hxy-multi_mon_glb_g110_UKESM1-3-LL_esm-hist_r1i1p1f1_190001-190912.nc,land.nppLut_tavg-u-hxy-multi.mon.glb,1.4454276121410093e-08,5.952853499024968e-08,-9.13346565045714e-10,3.9037844931570844e-08,1.0751988099855225e-07,-2.104753871190468e-12,1.4969747281499033e-09,4.13734682069844e-08,-9.234559783521945e-09
fracLut_tpt-u-hxy-u_mon_glb_g110_UKESM1-3-LL_esm-hist_r1i1p1f1_190001-190912.nc,land.fracLut_tpt-u-hxy-u.mon.glb,35.040117531372914,99.99988555908203,0.0,36.0447737169882,100.0,0.0,33.899363761940435,99.99299621582031,0.0
treeFracNdlEvg_tavg-u-hxy-u_mon_glb_g110_UKESM1-3-LL_esm-hist_r1i1p1f1_190001-190912.nc,land.treeFracNdlEvg_tavg-u-hxy-u.mon.glb,5.0560344575295,74.41959381103516,0.0,5.133033822462072,74.56324005126953,0.0,4.973756643332084,74.25312042236328,0.0
treeFracBdlEvg_tavg-u-hxy-u_mon_glb_g110_UKESM1-3-LL_esm-hist_r1i1p1f1_190001-190912.nc,land.treeFracBdlEvg_tavg-u-hxy-u.mon.glb,8.567994650215397,85.3852767944336,0.0,8.621438354560778,85.47850799560547,0.0,8.51121464693763,85.2735824584961,0.0
treeFracBdlDcd_tavg-u-hxy-u_mon_glb_g110_UKESM1-3-LL_esm-hist_r1i1p1f1_190001-190912.nc,land.treeFracBdlDcd_tavg-u-hxy-u.mon.glb,1.012490726405928,64.54396057128906,0.0,1.027636041978835,65.2238998413086,0.0,0.9969973309608541,64.03459930419922,0.0
treeFracNdlDcd_tavg-u-hxy-u_mon_glb_g110_UKESM1-3-LL_esm-hist_r1i1p1f1_190001-190912.nc,land.treeFracNdlDcd_tavg-u-hxy-u.mon.glb,4.332114291651059,76.60978698730469,0.0,4.382751773506275,76.95146942138672,0.0,4.278274035985203,76.26338195800781,0.0
grassFracC3_tavg-u-hxy-u_mon_glb_g110_UKESM1-3-LL_esm-hist_r1i1p1f1_190001-190912.nc,land.grassFracC3_tavg-u-hxy-u.mon.glb,7.190003687488294,77.00613403320312,0.0,7.859789110788538,86.25834655761719,0.0,6.509762332599737,68.89298248291016,0.0
fco2fos_tavg-u-hxy-u_mon_glb_g110_UKESM1-3-LL_esm-hist_r1i1p1f1_190001-190912.nc,atmos.fco2fos_tavg-u-hxy-u.mon.glb,3.850544985742435e-11,4.833515276914113e-08,0.0,5.652768877983938e-11,5.585530615803691e-08,0.0,2.522742258148636e-11,4.0487442731773626e-08,0.0
flashrate_tavg-u-hxy-u_mon_glb_g110_UKESM1-3-LL_esm-hist_r1i1p1f1_190001-190912.nc,atmosChem.flashrate_tavg-u-hxy-u.mon.glb,5.575904011763029e-08,2.53529219662596e-06,0.0,2.1688363460725668e-07,8.20900186226936e-06,0.0,1.6139914960078272e-09,1.1946276572416537e-06,0.0
wetlandFrac_tavg-u-hxy-u_mon_glb_g110_UKESM1-3-LL_esm-hist_r1i1p1f1_190001-190912.nc,land.wetlandFrac_tavg-u-hxy-u.mon.glb,2.5973818833114817,20.264524459838867,0.0,5.644280661757819,25.65622329711914,0.0,0.8830456202296778,14.806365966796875,0.0
grassFracC4_tavg-u-hxy-u_mon_glb_g110_UKESM1-3-LL_esm-hist_r1i1p1f1_190001-190912.nc,land.grassFracC4_tavg-u-hxy-u.mon.glb,6.5736209964412815,94.00077056884766,0.0,6.987563506742836,95.8482894897461,0.0,6.125005121511519,92.220458984375,0.0
co23D_tavg-al-hxy-u_mon_glb_g110_UKESM1-3-LL_esm-hist_r1i1p1f1_190501-190512.nc,atmos.co23D_tavg-al-hxy-u.mon.glb,0.00044251716247311343,0.0005550585337914526,0.00043661671224981546,0.00044887885451316833,0.0005819919751957059,0.0004394517163746059,0.00043611248838715255,0.0005390100413933396,0.0004219620896037668
co23D_tavg-al-hxy-u_mon_glb_g110_UKESM1-3-LL_esm-hist_r1i1p1f1_190201-190212.nc,atmos.co23D_tavg-al-hxy-u.mon.glb,0.00044082091362388046,0.000547107367310673,0.000436468719271943,0.0004473223816603422,0.0005835054907947779,0.0004377411096356809,0.00043446122435852885,0.0005178327555768192,0.0004200615221634507
co23D_tavg-al-hxy-u_mon_glb_g110_UKESM1-3-LL_esm-hist_r1i1p1f1_190701-190712.nc,atmos.co23D_tavg-al-hxy-u.mon.glb,0.00044321413669321273,0.0005406951531767845,0.0004388818924780935,0.0004496997862588614,0.0005870299064554274,0.0004399028548505157,0.00043707003351300955,0.0005247402586974204,0.0004210094048175961
co23D_tavg-al-hxy-u_mon_glb_g110_UKESM1-3-LL_esm-hist_r1i1p1f1_190901-190912.nc,atmos.co23D_tavg-al-hxy-u.mon.glb,0.00044534472679650343,0.0005443309783004224,0.0004409827815834433,0.0004520606016740203,0.0005774929886683822,0.0004423750506248325,0.00043888596701435745,0.0005322645301930606,0.000424782105255872
co23D_tavg-al-hxy-u_mon_glb_g110_UKESM1-3-LL_esm-hist_r1i1p1f1_190101-190112.nc,atmos.co23D_tavg-al-hxy-u.mon.glb,0.00044003149701489345,0.0005522253341041505,0.0004348109068814665,0.0004466271202545613,0.0005931402556598186,0.0004371395625639707,0.00043368872138671577,0.0005365450633689761,0.0004185579891782254
co23D_tavg-al-hxy-u_mon_glb_g110_UKESM1-3-LL_esm-hist_r1i1p1f1_190301-190312.nc,atmos.co23D_tavg-al-hxy-u.mon.glb,0.000441862856624303,0.0005364120006561279,0.00043664462282322347,0.0004483759985305369,0.0005727221141569316,0.0004392331466078758,0.0004357094003353268,0.000516370462719351,0.0004236430977471173
co23D_tavg-al-hxy-u_mon_glb_g110_UKESM1-3-LL_esm-hist_r1i1p1f1_190601-190612.nc,atmos.co23D_tavg-al-hxy-u.mon.glb,0.00044255165590180293,0.0005400424706749618,0.0004373491683509201,0.0004493401211220771,0.0005739204352721572,0.00043936274596489966,0.000436197267845273,0.000522780348546803,0.0004229889891576022
co23D_tavg-al-hxy-u_mon_glb_g110_UKESM1-3-LL_esm-hist_r1i1p1f1_190001-190012.nc,atmos.co23D_tavg-al-hxy-u.mon.glb,0.00043923614753617183,0.0005475418292917311,0.0004349573573563248,0.00044579748646356165,0.0006213931483216584,0.00043673391337506473,0.0004332328971941024,0.0005255015566945076,0.00041864666854962707
co23D_tavg-al-hxy-u_mon_glb_g110_UKESM1-3-LL_esm-hist_r1i1p1f1_190401-190412.nc,atmos.co23D_tavg-al-hxy-u.mon.glb,0.00044276723983111205,0.0005528927431441844,0.0004379866586532444,0.0004493403830565512,0.0005832158494740725,0.00044010160490870476,0.0004366233479231596,0.0005291344714350998,0.00042352944728918374
co23D_tavg-al-hxy-u_mon_glb_g110_UKESM1-3-LL_esm-hist_r1i1p1f1_190801-190812.nc,atmos.co23D_tavg-al-hxy-u.mon.glb,0.0004440108659090819,0.000539271451998502,0.0004391199036035687,0.00045062496792525053,0.0006204763776622713,0.00044083016109652817,0.0004378161975182593,0.0005293302237987518,0.0004244868759997189
gpp_tavg-u-hxy-ng_mon_glb_g110_UKESM1-3-LL_esm-hist_r1i1p1f1_190001-190912.nc,land.gpp_tavg-u-hxy-ng.mon.glb,3.43648449640339e-08,1.926521093764677e-07,-1.58192901639558e-32,8.364432902888584e-08,2.3430312978689471e-07,0.0,6.8490263797709035e-09,1.6737786268095078e-07,-8.0038730704867775e-28
ra_tavg-u-hxy-ng_mon_glb_g110_UKESM1-3-LL_esm-hist_r1i1p1f1_190001-190912.nc,land.ra_tavg-u-hxy-ng.mon.glb,1.3621586958242535e-08,8.238510673663768e-08,0.0,4.578562959412443e-08,1.6831523907967494e-07,0.0,2.4282823583091018e-09,6.056428247802614e-08,0.0
vegHeight_tavg-u-hxy-ng_mon_glb_g110_UKESM1-3-LL_esm-hist_r1i1p1f1_190001-190912.nc,land.vegHeight_tavg-u-hxy-ng.mon.glb,0.6246118755776736,0.9613634943962097,0.2239800989627838,0.7533223584271874,0.9978439807891846,0.22398033738136292,0.4780733102513522,0.9517498016357422,0.22398030757904053
npp_tavg-u-hxy-ng_mon_glb_g110_UKESM1-3-LL_esm-hist_r1i1p1f1_190001-190912.nc,land.npp_tavg-u-hxy-ng.mon.glb,2.0743258005791365e-08,1.2484248657074204e-07,-5.122992378452345e-16,4.876928431264149e-08,1.5337849390562042e-07,0.0,3.855975085293524e-09,1.0681357309749728e-07,-1.336662558415469e-09
cVeg_tavg-u-hxy-ng_mon_glb_g110_UKESM1-3-LL_esm-hist_r1i1p1f1_190001-190912.nc,land.cVeg_tavg-u-hxy-ng.mon.glb,0.11932515960906477,0.3176841139793396,0.02305195853114128,0.15509943339851773,0.3338445723056793,0.023051941767334938,0.08108968890139326,0.31267550587654114,0.014126086607575417
tasLut_tavg-h2m-hxy-multi_mon_glb_g110_UKESM1-3-LL_esm-hist_r1i1p1f1_190001-190912.nc,land.tasLut_tavg-h2m-hxy-multi.mon.glb,281.19077776256336,304.94818115234375,243.16738891601562,295.3249349582363,314.3294372558594,270.4672546386719,264.2076030398466,300.283203125,217.54644775390625
wsg_tmax-h10m-hxy-u_mon_glb_g110_UKESM1-3-LL_esm-hist_r1i1p1f1_190001-190912.nc,atmos.wsg_tmax-h10m-hxy-u.mon.glb,18.900053801359952,33.15534591674805,5.1590657234191895,28.14015007019043,52.6494140625,6.4580078125,11.840787887573242,25.0302734375,2.9150390625
fNgasNonFire_tavg-u-hxy-lnd_mon_glb_g110_UKESM1-3-LL_esm-hist_r1i1p1f1_190001-190912.nc,land.fNgasNonFire_tavg-u-hxy-lnd.mon.glb,1.6271661548285875e-11,1.0464439731405761e-10,0.0,3.2950071881607076e-11,2.133816734417593e-10,0.0,4.354306430727193e-12,6.529121687748329e-11,-2.1567968675735692e-26
fNAnthDisturb_tavg-u-hxy-lnd_mon_glb_g110_UKESM1-3-LL_esm-hist_r1i1p1f1_190001-190912.nc,land.fNAnthDisturb_tavg-u-hxy-lnd.mon.glb,2.5443808056078097e-12,1.1501208319053546e-10,0.0,6.5351213234078935e-12,2.6957877596878177e-10,0.0,6.607159513684281e-13,5.590855209347545e-11,0.0
fProductDecomp_tavg-u-hxy-lnd_mon_glb_g110_UKESM1-3-LL_esm-hist_r1i1p1f1_190001-190912.nc,land.fProductDecomp_tavg-u-hxy-lnd.mon.glb,3.0548143981519663e-12,2.043816893504413e-09,0.0,7.427221768660154e-12,3.7881240366743896e-09,0.0,8.364710975858656e-13,7.079827835099195e-10,0.0
nStem_tavg-u-hxy-lnd_mon_glb_g110_UKESM1-3-LL_esm-hist_r1i1p1f1_190001-190912.nc,land.nStem_tavg-u-hxy-lnd.mon.glb,0.016012588494708404,0.07298480719327927,1.706029983949975e-08,0.016355188320911568,0.0731063112616539,1.706029983949975e-08,0.015671287222168435,0.07288319617509842,1.706029983949975e-08
fNProduct_tavg-u-hxy-lnd_mon_glb_g110_UKESM1-3-LL_esm-hist_r1i1p1f1_190001-190912.nc,land.fNProduct_tavg-u-hxy-lnd.mon.glb,1.8232986711043662e-14,1.3914760836619688e-11,0.0,6.239664983320811e-14,2.093725887108988e-11,0.0,1.7656422657524607e-15,4.258706234883114e-12,0.0
fNnetmin_tavg-u-hxy-lnd_mon_glb_g110_UKESM1-3-LL_esm-hist_r1i1p1f1_190001-190912.nc,land.fNnetmin_tavg-u-hxy-lnd.mon.glb,6.853340263191726e-11,4.736880332423254e-10,-5.357789407446634e-13,1.6925506460568745e-10,1.3721119795917502e-09,-1.7611459911400472e-14,1.69920166676211e-11,2.66198590948008e-10,-3.683067392734607e-11
nLeaf_tavg-u-hxy-lnd_mon_glb_g110_UKESM1-3-LL_esm-hist_r1i1p1f1_190001-190912.nc,land.nLeaf_tavg-u-hxy-lnd.mon.glb,0.0012360188498425839,0.0029484527185559273,1.0030556829576653e-08,0.001339131375787749,0.002956448122859001,1.0619393364663665e-08,0.0011189036478363584,0.0029415651224553585,9.47238198989453e-09
fNfert_tavg-u-hxy-lnd_mon_glb_g110_UKESM1-3-LL_esm-hist_r1i1p1f1_190001-190912.nc,land.fNfert_tavg-u-hxy-lnd.mon.glb,1.2427157386427475e-12,7.037771060369735e-11,0.0,1.102916904545037e-11,4.74391248506123e-10,0.0,1.311630776629716e-19,3.314230546649428e-16,0.0
fVegSoil_tavg-u-hxy-lnd_mon_glb_g110_UKESM1-3-LL_esm-hist_r1i1p1f1_190001-190912.nc,land.fVegSoil_tavg-u-hxy-lnd.mon.glb,9.080491179483833e-09,5.8579580297646316e-08,-2.0839574640593717e-13,1.6952978515459216e-08,9.433261993763153e-08,-1.8942786752044056e-17,4.295674134356338e-09,4.5472027920823166e-08,-4.7105649242373815e-11
fDeforestToProduct_tavg-u-hxy-lnd_mon_glb_g110_UKESM1-3-LL_esm-hist_r1i1p1f1_190001-190912.nc,land.fDeforestToProduct_tavg-u-hxy-lnd.mon.glb,3.680381466278333e-12,3.410687732241513e-09,0.0,1.2603632066960292e-11,5.1579238657950555e-09,0.0,3.573977392156199e-13,8.657289329860873e-10,0.0
fAnthDisturb_tavg-u-hxy-lnd_mon_glb_g110_UKESM1-3-LL_esm-hist_r1i1p1f1_190001-190912.nc,land.fAnthDisturb_tavg-u-hxy-lnd.mon.glb,1.9523643570489683e-10,1.2168232643716692e-08,0.0,4.775950195769566e-10,2.037849533564895e-08,0.0,5.432476245710167e-11,5.730985463969773e-09,0.0
nRoot_tavg-u-hxy-lnd_mon_glb_g110_UKESM1-3-LL_esm-hist_r1i1p1f1_190001-190912.nc,land.nRoot_tavg-u-hxy-lnd.mon.glb,0.001369271036143109,0.0044748857617378235,5.514096734771101e-09,0.0014605989003041078,0.004486687481403351,5.51410028748478e-09,0.001280713959555095,0.004457822535187006,5.51410028748478e-09
tauvo_tavg-u-hxy-sea_mon_glb_g124_UKESM1-3-LL_esm-hist_r1i1p1f1_190001-190912.nc,ocean.tauvo_tavg-u-hxy-sea.mon.glb,0.0019521080412342178,0.14811404049396515,-0.16824041306972504,0.08997473648090826,0.47197750210762024,-0.045931339263916016,-0.08521745173878931,0.056187305599451065,-0.7442938089370728
tauuo_tavg-u-hxy-sea_mon_glb_g125_UKESM1-3-LL_esm-hist_r1i1p1f1_190001-190912.nc,ocean.tauuo_tavg-u-hxy-sea.mon.glb,0.01992045048933395,0.31205666065216064,-0.1732977032661438,0.1458101117183583,0.6068400144577026,-0.06509251147508621,-0.0947492995875376,0.14828935265541077,-0.5584160685539246
