ta_tavg-p39-hy-air_day_glb_g110_UKCM2-0-LL_amip_r1i1p1f1_20000101-20091231.nc,atmos.ta_tavg-p39-hy-air.day.glb,236.34085637823372,299.6964416503906,194.46263122558594,247.814362176628,307.7036437988281,198.8118896484375,224.24471454058877,298.61907958984375,172.44224548339844
zg_tavg-p39-hy-air_day_glb_g110_UKCM2-0-LL_amip_r1i1p1f1_20000101-20091231.nc,atmos.zg_tavg-p39-hy-air.day.glb,29539.976449598573,72335.5078125,23.76065444946289,30474.462087421944,75619.4140625,118.89971160888672,28526.444246208743,72000.2890625,-1.1542781591415405
clisccp_tavg-p7c-hxy-air_day_glb_g110_UKCM2-0-LL_amip_r1i1p1f1_20020101-20031231.nc,atmos.clisccp_tavg-p7c-hxy-air.day.glb,0.7168042924669054,5.136841297149658,0.0,20.412385940551758,100.0,0.0,0.0,0.0,0.0
clisccp_tavg-p7c-hxy-air_day_glb_g110_UKCM2-0-LL_amip_r1i1p1f1_20000101-20011231.nc,atmos.clisccp_tavg-p7c-hxy-air.day.glb,0.7519180156566478,6.6559157371521,0.0,20.49574089050293,100.0,0.0,0.0,0.0,0.0
clisccp_tavg-p7c-hxy-air_day_glb_g110_UKCM2-0-LL_amip_r1i1p1f1_20040101-20051231.nc,atmos.clisccp_tavg-p7c-hxy-air.day.glb,0.7436938815646701,7.878452301025391,0.0,20.74361228942871,100.0,0.0,0.0,0.0,0.0
clisccp_tavg-p7c-hxy-air_day_glb_g110_UKCM2-0-LL_amip_r1i1p1f1_20080101-20091231.nc,atmos.clisccp_tavg-p7c-hxy-air.day.glb,0.7910824528446904,5.766060829162598,0.0,20.89499282836914,100.0,0.0,0.0,0.0,0.0
clisccp_tavg-p7c-hxy-air_day_glb_g110_UKCM2-0-LL_amip_r1i1p1f1_20060101-20071231.nc,atmos.clisccp_tavg-p7c-hxy-air.day.glb,0.7801581488715278,6.5822343826293945,0.0,21.3270263671875,100.0,0.0,0.0,0.0,0.0
mmrdust_tavg-h2m-hxy-u_day_glb_g110_UKCM2-0-LL_amip_r1i1p1f1_20000101-20091231.nc,aerosol.mmrdust_tavg-h2m-hxy-u.day.glb,3.839564781342401e-09,2.510984984382958e-07,1.6148344814115312e-11,7.554940140153121e-08,4.050137249578256e-06,1.7121634665606678e-10,2.382332005279597e-11,4.783438978250842e-09,5.2639429183393385e-23
mmraerh2o_tavg-h2m-hxy-u_day_glb_g110_UKCM2-0-LL_amip_r1i1p1f1_20000101-20091231.nc,aerosol.mmraerh2o_tavg-h2m-hxy-u.day.glb,2.709008707892348e-08,1.47205980738363e-07,4.4198572579645656e-10,1.547077772556804e-07,4.329921921453206e-06,2.8371047733344312e-09,1.7127521623194752e-09,2.110147256928485e-08,4.140645291916822e-12
mmrso4_tavg-h2m-hxy-u_day_glb_g110_UKCM2-0-LL_amip_r1i1p1f1_20000101-20091231.nc,aerosol.mmrso4_tavg-h2m-hxy-u.day.glb,6.155191582761458e-10,4.0219372721139734e-08,8.125352474186442e-11,5.8999036767204416e-09,9.331113233201904e-07,5.427810978453351e-10,5.192690721855797e-11,2.857097891606486e-09,2.3947601358393278e-16
so2_tavg-h2m-hxy-u_day_glb_g110_UKCM2-0-LL_amip_r1i1p1f1_20000101-20091231.nc,aerosol.so2_tavg-h2m-hxy-u.day.glb,4.840297052055575e-10,2.439397235320939e-07,4.33404831121087e-12,4.2555576840186404e-09,3.2346169973607175e-06,4.394048666589434e-11,3.747408286458587e-11,1.882626143867583e-08,0.0
mmrss_tavg-h2m-hxy-u_day_glb_g110_UKCM2-0-LL_amip_r1i1p1f1_20000101-20091231.nc,aerosol.mmrss_tavg-h2m-hxy-u.day.glb,1.209514266520273e-08,4.256929386770025e-08,8.826177635978816e-12,5.502051081407444e-08,1.663713646848919e-07,1.2058340437270942e-10,7.043481353719017e-10,6.3759322266321306e-09,0.0
mmrbc_tavg-h2m-hxy-u_day_glb_g110_UKCM2-0-LL_amip_r1i1p1f1_20000101-20091231.nc,aerosol.mmrbc_tavg-h2m-hxy-u.day.glb,1.1856382542418942e-10,1.2834816764950574e-08,1.4351963627950992e-13,1.1309474468035319e-09,1.291600995045883e-07,9.759842673623398e-13,8.694440133127923e-12,1.0977365683118023e-09,1.7215688743941646e-19
sfpm10_tavg-h2m-hxy-u_day_glb_g110_UKCM2-0-LL_amip_r1i1p1f1_20000101-20091231.nc,aerosol.sfpm10_tavg-h2m-hxy-u.day.glb,3.09562395799461e-08,1.800455464717743e-07,1.8811010527031158e-09,1.7765809445791092e-07,5.274633167573484e-06,1.0911243464306608e-08,3.0042126564211458e-09,3.550717053713015e-08,2.5885254009705427e-11
mmroa_tavg-h2m-hxy-u_day_glb_g110_UKCM2-0-LL_amip_r1i1p1f1_20000101-20091231.nc,aerosol.mmroa_tavg-h2m-hxy-u.day.glb,1.2582622351449875e-09,7.615983577125007e-08,4.27430035809806e-11,1.3561141543050326e-08,1.8660787191038253e-06,2.2391595522197605e-10,1.091246468187812e-10,9.468033468351678e-09,1.69073465481271e-23
sfpm25_tavg-h2m-hxy-u_day_glb_g110_UKCM2-0-LL_amip_r1i1p1f1_20000101-20091231.nc,aerosol.sfpm25_tavg-h2m-hxy-u.day.glb,9.073243358283503e-09,1.4906183309904009e-07,9.450946691913487e-10,7.717220285030635e-08,5.184967449167743e-06,3.4137745963391808e-09,1.1952479006538397e-09,2.3829372253203474e-08,2.3550186106779947e-11
mrsfl_tavg-sl-hxy-lnd_day_glb_g110_UKCM2-0-LL_amip_r1i1p1f1_20000101-20091231.nc,land.mrsfl_tavg-sl-hxy-lnd.day.glb,5.594471983480767,38.017852783203125,0.0,16.239797991221018,39.66305160522461,0.0,0.21497202117678596,37.94619369506836,-7.401483080948933e-17
parasolRefl_tavg-u-hxy-sea_day_glb_g110_UKCM2-0-LL_amip_r1i1p1f1_20000101-20091231.nc,atmos.parasolRefl_tavg-u-hxy-sea.day.glb,0.30491934775669816,0.4701591730117798,0.17859473824501038,0.6642131722206539,0.784912109375,0.3583984375,0.17324429520687906,0.1876220703125,0.17279052734375
clcalipso_tavg-h40-hxy-air_day_glb_g110_UKCM2-0-LL_amip_r1i1p1f1_20000101-20091231.nc,atmos.clcalipso_tavg-h40-hxy-air.day.glb,5.1031472407523095,42.970237731933594,0.0,68.64567623042257,100.0,0.0,0.0,0.0,0.0
ta_tavg-al-hxy-u_day_glb_g110_UKCM2-0-LL_amip_r1i1p1f1_20000101-20091231.nc,atmos.ta_tavg-al-hxy-u.day.glb,278.27868200231484,305.44384765625,218.24644470214844,291.0901184082031,319.3603515625,252.259521484375,261.4458923339844,299.892822265625,183.183349609375
cli_tavg-al-hxy-u_day_glb_g110_UKCM2-0-LL_amip_r1i1p1f1_20000101-20091231.nc,atmos.cli_tavg-al-hxy-u.day.glb,2.8875311491666018e-06,3.8172936910996214e-05,0.0,7.99939371063374e-05,0.0006356416852213442,0.0,0.0,0.0,0.0
zg_tavg-al-hxy-u_day_glb_g110_UKCM2-0-LL_amip_r1i1p1f1_20000101-20091231.nc,atmos.zg_tavg-al-hxy-u.day.glb,396.1140769675926,5529.796875,20.0,396.11407470703125,5529.796875,20.0,396.11407470703125,5529.796875,20.0
hur_tavg-al-hxy-u_day_glb_g110_UKCM2-0-LL_amip_r1i1p1f1_20000101-20091231.nc,atmos.hur_tavg-al-hxy-u.day.glb,79.34573929398148,139.71505737304688,15.631860733032227,114.31004333496094,196.671875,44.046875,43.02351760864258,80.28125,0.484375
wap_tavg-al-hxy-u_day_glb_g110_UKCM2-0-LL_amip_r1i1p1f1_20000101-20091231.nc,atmos.wap_tavg-al-hxy-u.day.glb,5.076283426530137e-11,2.004987322834495e-07,-1.3366582152229967e-07,3.7970366406625544e-07,0.000244140625,0.0,-2.472488915827853e-07,0.0,-0.000244140625
hus_tavg-al-hxy-u_day_glb_g110_UKCM2-0-LL_amip_r1i1p1f1_20000101-20091231.nc,atmos.hus_tavg-al-hxy-u.day.glb,0.007168299622005886,0.018364407122135162,9.586220403434709e-05,0.012544444762170315,0.02737053669989109,0.0008960557170212269,0.0032948553562164307,0.014807426370680332,9.999907568669641e-09
clw_tavg-al-hxy-u_day_glb_g110_UKCM2-0-LL_amip_r1i1p1f1_20000101-20091231.nc,atmos.clw_tavg-al-hxy-u.day.glb,2.5387756371249757e-06,4.972344686393626e-05,0.0,0.00010307107004337013,0.0008186938939616084,0.0,0.0,0.0,0.0
mrros_tavg-u-hxy-lnd_day_glb_g110_UKCM2-0-LL_amip_r1i1p1f1_20000101-20091231.nc,land.mrros_tavg-u-hxy-lnd.day.glb,6.644641008911161e-06,0.0027496584225445986,0.0,0.0002550328574972801,0.0077143386006355286,0.0,2.7679067400203348e-08,0.0002955496311187744,0.0
evspsblpot_tavg-u-hxy-lnd_day_glb_g110_UKCM2-0-LL_amip_r1i1p1f1_20000101-20091231.nc,land.evspsblpot_tavg-u-hxy-lnd.day.glb,6.424896746991078e-05,0.00038999770185910165,-3.7148023693589494e-05,0.00022113140121920096,0.03752274066209793,1.8330923694520607e-06,-3.919534009814508e-05,8.13632650533691e-05,-0.17637988924980164
evspsbl_tavg-u-hxy-lnd_day_glb_g110_UKCM2-0-LL_amip_r1i1p1f1_20000101-20091231.nc,atmos.evspsbl_tavg-u-hxy-lnd.day.glb,2.707907697185874e-05,0.00010184226266574115,-2.3679245941821137e-07,9.850043716141954e-05,0.0003934229607693851,1.8294663277629297e-06,-3.828884473477956e-06,3.4921718906844035e-05,-7.608286978211254e-05
phalf_tavg-alh-hxy-u_day_glb_g110_UKCM2-0-LL_amip_r1i1p1f1_20000101-20091231.nc,atmos.phalf_tavg-alh-hxy-u.day.glb,96675.48148148147,102448.265625,51609.5,99158.21875,107034.109375,52588.2421875,93843.1171875,101242.96875,49868.1875
mc_tavg-alh-hxy-u_day_glb_g110_UKCM2-0-LL_amip_r1i1p1f1_20000101-20091231.nc,atmos.mc_tavg-alh-hxy-u.day.glb,4.142552131304035e-05,0.0031433345284312963,0.0,0.003941396716982126,0.04163983836770058,0.0,0.0,0.0,0.0
clmodis_tavg-p7c-hxy-air_mon_glb_g110_UKCM2-0-LL_amip_r1i1p1f1_200001-200912.nc,atmos.clmodis_tavg-p7c-hxy-air.mon.glb,0.0,0.0,0.0,0.0,0.0,0.0,0.0,0.0,0.0
parasolRefl_tavg-u-hxy-sea_mon_glb_g110_UKCM2-0-LL_amip_r1i1p1f1_200001-200912.nc,atmos.parasolRefl_tavg-u-hxy-sea.mon.glb,0.30487406087999797,0.470236212015152,0.17855529487133026,0.4059279544185957,0.59716796875,0.20208740234375,0.23253575633244367,0.37493896484375,0.17279052734375
cfadDbze94_tavg-h40-hxy-air_mon_glb_g110_UKCM2-0-LL_amip_r1i1p1f1_200001-200912.nc,atmos.cfadDbze94_tavg-h40-hxy-air.mon.glb,0.08787007932070189,0.30836182832717896,7.62939453125e-05,0.22745969037944536,0.75640869140625,0.000732421875,0.02050614847427742,0.131103515625,0.0
clcalipsoice_tavg-h40-hxy-air_mon_glb_g110_UKCM2-0-LL_amip_r1i1p1f1_200001-200912.nc,atmos.clcalipsoice_tavg-h40-hxy-air.mon.glb,0.6425742032372496,7.034691333770752,0.0,2.5067360197001474,52.5146484375,0.0,0.02211368719601981,0.988875150680542,0.0
clcalipsoliq_tavg-h40-hxy-air_mon_glb_g110_UKCM2-0-LL_amip_r1i1p1f1_200001-200912.nc,atmos.clcalipsoliq_tavg-h40-hxy-air.mon.glb,4.003370972959707,36.18775177001953,0.0,15.982016364731605,92.1630859375,0.0,0.24440978865010485,8.018579483032227,0.0
cfadLidarsr532_tavg-h40-hxy-air_mon_glb_g110_UKCM2-0-LL_amip_r1i1p1f1_200001-200912.nc,atmos.cfadLidarsr532_tavg-h40-hxy-air.mon.glb,0.3153227541023381,0.7213200926780701,0.00944569893181324,0.5829412732586676,0.97283935546875,0.0682373046875,0.12706098436942237,0.53936767578125,0.0
clwvimodis_tavg-u-hxy-u_mon_glb_g110_UKCM2-0-LL_amip_r1i1p1f1_200001-200912.nc,atmos.clwvimodis_tavg-u-hxy-u.mon.glb,0.04663662557248716,0.23935672640800476,9.15527380129788e-06,0.11541947722434998,0.48046875,0.000244140625,0.013003192842006683,0.08926007896661758,0.0
clwmodis_tavg-u-hxy-u_mon_glb_g110_UKCM2-0-LL_amip_r1i1p1f1_200001-200912.nc,atmos.clwmodis_tavg-u-hxy-u.mon.glb,29.945323802806712,80.0476303100586,0.10039465129375458,56.96946334838867,109.09091186523438,1.1962890625,9.716296195983887,57.633148193359375,0.0
clivimodis_tavg-u-hxy-u_mon_glb_g110_UKCM2-0-LL_amip_r1i1p1f1_200001-200912.nc,atmos.clivimodis_tavg-u-hxy-u.mon.glb,0.16203866181550203,1.2402865886688232,0.001048739650286734,0.6540917158126831,8.247358322143555,0.009464789181947708,0.017964188009500504,0.2971285879611969,0.0
cltmodis_tavg-u-hxy-u_mon_glb_g110_UKCM2-0-LL_amip_r1i1p1f1_200001-200912.nc,atmos.cltmodis_tavg-u-hxy-u.mon.glb,48.618887442129626,89.6282730102539,2.8134121894836426,77.2890625,109.09091186523438,15.098590850830078,21.50172233581543,75.44609832763672,0.0
climodis_tavg-u-hxy-u_mon_glb_g110_UKCM2-0-LL_amip_r1i1p1f1_200001-200912.nc,atmos.climodis_tavg-u-hxy-u.mon.glb,17.56385181568287,41.7062873840332,0.46907535195350647,44.411495208740234,109.09091186523438,3.432039260864258,3.404658079147339,18.59090232849121,0.0
sfpm10_tavg-h2m-hxy-u_1hr_glb_g110_UKCM2-0-LL_amip_r1i1p1f1_200001010030-200912312330.nc,aerosol.sfpm10_tavg-h2m-hxy-u.1hr.glb,3.0952944766963976e-08,1.799359097276465e-07,1.881437672324182e-09,2.7878837727257633e-07,8.09584071248537e-06,1.575450880864082e-08,1.94303573231025e-09,2.1323186771837754e-08,9.855148815074433e-12
sfpm25_tavg-h2m-hxy-u_1hr_glb_g110_UKCM2-0-LL_amip_r1i1p1f1_200001010030-200912312330.nc,aerosol.sfpm25_tavg-h2m-hxy-u.1hr.glb,9.060539906824016e-09,1.4793639024901495e-07,9.45466815949203e-10,1.2742918897856725e-07,7.618455583724426e-06,4.308468692926226e-09,7.483108022121598e-10,1.1626752893789671e-08,9.847385927519436e-12
